"http://47.94.168.9","OK"
"https://admin.metermall.cn","OK"
"https://124.71.17.141","OK"
"http://175.27.157.209:8081","OK"
"https://linzixi.com","OK"
"https://www.waskocheichheute.ch","OK"
"http://39.104.209.64:8001","OK"
"https://www.linzixi.com","OK"
"http://eladmin.ck881.com","OK"
"http://1.71.130.208:18080","OK"
"http://bh.nh01.com","OK"
"https://60.205.218.126","OK"
"https://20.205.122.160","OK"
"http://admin.metermall.cn","OK"
"http://www.foodkreator.ch","OK"
"http://www.waskocheichheute.ch","OK"
"https://admin.wooshopxingyun.com","OK"
"https://42.192.160.91","OK"
"https://eladmin.fzcorpus.com","OK"
"https://175.27.227.91","OK"
"https://www.jiatingkupao.com","file not found"
"http://rcfww.cn","OK"
"http://www.jiatingkupao.com","OK"
"https://dzlhi.phreniaintoint.com","OK"
"https://2023.wiki186.com","OK"
"https://139.196.9.190:8112","OK"
"http://58.216.10.20:1777","error"
"https://lvwen.scribeguessgue.com","OK"
"https://47.106.254.17","OK"
"https://139.199.175.95","OK"
"http://115.227.29.82:8088","OK"
"https://vpn.ransgu.com","OK"
"https://www.hzchanronghui.com","OK"
"https://edu.ransgu.com","OK"
"https://eladmin.xiaozhiinfo.com","OK"
"https://www.snowdreams1006.cn","OK"
"https://aijiu.wuyuyun.com","error"
"http://218.77.105.229:8081","OK"
"https://101.34.127.84","OK"
"https://119.3.41.9","OK"
"http://101.42.43.152:8222","OK"
"https://www.reselected.top","OK"
"http://47.94.237.159","OK"
"https://manage.myybd.com","OK"
"https://218.77.105.229","OK"
"http://2023.wiki186.com","OK"
"https://www.foodkreator.ch","OK"
"http://47.106.183.7","OK"
"https://cms.hangqifu.com","OK"
"https://eladmin.hzdjr.com","OK"
"http://120.77.176.42","access forbidden"
"http://www.zzclouds.cn","OK"
"https://www.kuaiyou.com","OK"
"http://150.158.145.198","OK"
"https://kuaiyou.com","OK"
"http://123.207.161.58:9090","OK"
"https://jenkins.longyong.cc","OK"
"https://www.longyong.cc","OK"
"http://1.15.110.237","OK"
"https://open.lnkmi.com","OK"
"https://eladmin.vip","OK"
"http://124.223.194.239:8088","OK"
"https://makeyourchoice.cn","OK"
"http://180.97.220.55:8849","OK"
"http://119.91.47.204:8090","OK"
"http://47.103.131.175:8021","OK"
"http://47.101.148.224:8102","OK"
"https://hcgy.modukj.com","OK"
"http://150.158.50.5","OK"
"http://zzclouds.cn","OK"
"http://124.221.81.157:8013","OK"
"http://150.158.183.75:9216","OK"
"http://42.192.160.91:8088","OK"
"https://m.longyong.cc","OK"
"https://ideasmolonas.com","OK"
"https://47.101.148.224:8112","OK"
"https://www.llanluo.com","OK"
"http://www.elbex-ny.com","OK"
"http://120.224.103.84:8004","OK"
"http://212.64.34.118:9014","OK"
"http://101.133.232.146:8991","OK"
"http://www.llanluo.com","OK"
"http://49.234.106.97:8013","OK"
"http://60.212.188.152:8004","OK"
"http://35.221.107.197:8002","OK"
"http://139.196.9.190:8102","OK"
"http://123.57.11.151:7002","OK"
"https://www.orientalvevey.ch","HTML-Redirection"
"http://www.orientalvevey.ch","HTML-Redirection"
"http://admin.maotaifanjiang.com","OK"
"https://117.25.164.19:8013","OK"
"https://www.ydyno.com","OK"
"http://47.96.98.235:18013","OK"
"https://zhida.lootaa.com","OK"
"http://47.92.130.87:8013","OK"
"http://zhida.lootaa.com","OK"
"http://www.ftsucai.com","OK"
"https://siyutechnology.cn","OK"
"https://lasecret.com","OK"
"https://eladmin.loyenjoy.com","OK"
"https://liuwjie.top","error"
"http://eladmin.loyenjoy.com","OK"
"https://8.142.125.211","OK"
"https://eladmin.dwzynj.top","OK"
"https://www.kg8fqs.com","OK"
"http://119.3.251.39:8112","OK"
"http://150.158.178.228:8080","access forbidden"
"http://api.lakaba.cn","OK"
"https://kg8fqs.com","OK"
"http://117.78.4.85:8000","OK"
"http://bbs.53bbk.com","error"
"https://121.199.31.219","OK"
"http://159.75.219.86:8089","OK"
"http://39.108.238.251:18000","OK"
"http://60.212.188.153:8004","OK"
"http://www.elearn.edu.vn","OK"
"https://elearn.edu.vn","OK"
"https://shop.lasecret.com","OK"
"https://www.lzmyt101.com","OK"
"https://eladmin.jfatty.com","OK"
"http://39.105.118.55","OK"
"https://49.235.75.219","OK"
"https://api.zepochs.com","OK"
"http://eladmin.jfatty.com","OK"
"https://background.biupay.net","OK"
"http://121.4.31.223","access forbidden"
"https://www.makeyourchoice.cn","OK"
"https://47.102.98.106","OK"
"https://snowdreams1006.cn","OK"
"http://eladmin.wdahe.top","OK"
"http://101.42.12.52","OK"
"https://info-energie.ch","HTML-Redirection"
"http://info-energie.ch","HTML-Redirection"
"http://106.52.235.252","OK"
"http://43.155.117.228","error"
"http://wx.ip8s.com","OK"
"https://47.112.238.57","OK"
"http://liuwjie.top","error"
"http://42.192.160.91","OK"
"https://121.4.31.223","error"
"https://zlckz.metroeventeve.com","redirected, OK"
"https://api.qse8.com","OK"
"https://www.liuwjie.top","error"
"https://www.jb51.net","OK"
"https://blog.yafee.wang","OK"
"https://gogs.longyong.cc","OK"
"https://www.info-energie.ch","HTML-Redirection"
"https://mjgm.hongtonggames.com","OK"
"http://www.yundashi168.com","OK"
"https://43.139.143.107","error"
"https://wvqob.kicak.org","redirected, OK"
"https://longyong.cc","OK"
"https://lopmq.oryrealizerea.com","redirected, OK"
"http://120.55.125.31","OK"
"https://www.qinghebeian.cn","OK"
"http://47.99.64.52","OK"
"http://phmsweb.guoaninfo.com","OK"
"https://rychf.magicolours.com","redirected, OK"
"https://ddzgm.hongtonggames.com","OK"
"http://www.liuwjie.top","error"
"https://www.bnq6bw.com","OK"
"https://eladmin-test.turingq.com","OK"
"https://52.198.15.193","error"
"http://indigodjschool.com","OK"
"http://home.geekrdc.com","OK"
"https://wiki.longyong.cc","OK"
"https://20.222.71.219","OK"
"https://indigodjschool.com","OK"
"http://eladmin.turingq.com","OK"
"https://course.qqbb520.com","OK"
"https://mztho.optilikes.com","redirected, OK"
"http://www.qinghebeian.cn:8082","OK"
"https://qinghebeian.cn","OK"
"https://amberesvalladolid.es","OK"
"http://qinghebeian.cn","OK"
"http://qinghebeian.cn:8082","OK"
"https://eladmin-prd.turingq.com","OK"
"http://23.234.41.219","error"
"http://www.reselected.top:8088","OK"
"https://bnq6bw.com","OK"
"https://eladmin.turingq.com","OK"
"https://eladmin.ifm.cool","error"
"https://eltrasnochon.com","OK"
"https://ellinshoes.kz","OK"
"https://risk.eqdhko.com","OK"
"https://eldikdesign.com","OK"
"http://smtp.elbex-ny.com","OK"
"http://mail.eltrasnochon.com","OK"
"http://risk-dev.eqdhko.com","OK"
"http://mail.elcourses.com","OK"
"http://smtps.elbex-ny.com","OK"
"http://imap.elbex-ny.com","OK"
"http://mail2.eladmin.com","OK"
"https://mail3.eladmin.com","OK"
"https://lzmyt101.com","OK"
"https://elearningweblog.com","OK"
"http://www.eladmin.com","OK"
"https://mail.eltrasnochon.com","OK"
"https://www.eladmin.com","OK"
"http://eladmin.com","OK"
"https://server.eladmin.com","OK"
"https://mail6.eladmin.com","OK"
"https://relay1.eladmin.com","OK"
"https://elcourses.com","OK"
"https://mail2.eladmin.com","OK"
"http://mail6.eladmin.com","OK"
"https://ns1.eladmin.com","OK"
"https://mx2.eladmin.com","OK"
"https://authsmtp.eladmin.com","OK"
"https://demo.eladmin.com","OK"
"http://webmail.elbex-ny.com","OK"
"http://comune.elbex-ny.com","OK"
"https://mail.elcourses.com","OK"
"http://admin.elbex-ny.com","OK"
"http://exchange.eladmin.com","OK"
"http://mail3.eladmin.com","OK"
"https://webmail.eladmin.com","redirected, OK"
"https://mail7.eladmin.com","OK"
"http://blog.blog.elbex-ny.com","OK"
"http://mail.eladmin.com","OK"
"https://mxs.eladmin.com","OK"
"http://relay1.eladmin.com","OK"
"https://email.eladmin.com","OK"
"https://m.eladmin.com","OK"
"https://mailx.eladmin.com","OK"
"http://mxs.eladmin.com","OK"
"http://authsmtp.eladmin.com","OK"
"http://vip.eladmin.com","OK"
"https://smtp.eladmin.com","OK"
"http://mailin.eladmin.com","OK"
"https://smtp01.eladmin.com","OK"
"http://mailsrv.elbex-ny.com","OK"
"https://mail.eladmin.com","OK"
"http://relay.eladmin.com","OK"
"http://mx5.eladmin.com","OK"
"http://mailx.eladmin.com","OK"
"http://smtp.eladmin.com","OK"
"http://demo.eladmin.com","OK"
"http://smtp01.eladmin.com","OK"
"http://server.eladmin.com","OK"
"http://ns1.eladmin.com","OK"
"http://mail7.eladmin.com","OK"
"http://eldoctor.co.kr","HTML-Redirection"
"https://mail1.eladmin.com","OK"
"http://sniper.eladmin.com","OK"
"https://mailin.eladmin.com","OK"
"http://email.eladmin.com","OK"
"http://eladmin.cafe24.com","HTML-Redirection"
"https://spam.eladmin.com","OK"
"https://eladmin.cafe24.com","HTML-Redirection"
"https://eldoctor.co.kr","HTML-Redirection"
"https://pop3.eladmin.com","OK"
"http://spam.eladmin.com","OK"
"https://post.eladmin.com","OK"
"http://123.60.211.68:8013","OK"
"http://mx2.eladmin.com","OK"
"https://poczta.eladmin.com","OK"
"https://mx5.eladmin.com","OK"
"http://www.eldoctor.co.kr","HTML-Redirection"
"https://smtp2.eladmin.com","OK"
"http://m.eladmin.com","OK"
"https://mailserver.eladmin.com","OK"
"https://jp2.zyun.vip","error"
"https://www.eldoctor.co.kr","HTML-Redirection"
"http://poczta.eladmin.com","OK"
"https://elbabalawyers.com","OK"
"https://apollo.qqbb520.com","OK"
"https://ewowf.eduardomacias.com","redirected, OK"
"http://mailserver.eladmin.com","OK"
"https://www.remund-schreiner.com","OK"
"http://remund-schreiner.com","OK"
"https://www.clicdinero.com","OK"
"https://cedjcl.gov.cn","redirected, OK"
"https://erijw.mlprecast.com","redirected, OK"
"https://eladmin.qidada.online","OK"
"https://valentisonido.com","OK"
"http://www.remund-schreiner.com","OK"
"https://kf.warnny.com","OK"
"https://eladmin.danjingtong.com","OK"
"http://eltrasnochon.com","OK"
"http://eladmin.qidada.online","file not found (document title)"
"https://remund-schreiner.com","OK"
"https://cpcalendars.yy1990.com","error"
"http://test.uvct.net:10001","error"
"https://grupodiaynoche.com","OK"
"http://eladmin.ccp520.com","OK"
"https://eladmin.chiye.tech","OK"
"http://e.ckoffee.com","OK"
"https://cpanel.yy1990.com","error"
"http://www.sg-gj.com","error"
"https://guitarraacordes.com","OK"
"https://radioseptimodia.com","OK"
"http://cafecalientenoticias.com","OK"
"http://mingying.xuyangkj.com","OK"
"http://m.ftsucai.com","redirected, OK"
"https://mail.ifenmiao.cn","error"
"https://charlottemoda.com","OK"
"https://pandorawinery.com","OK"
"http://pandorawinery.com","OK"
"http://xiaoyuxingkong.cn","OK"
"https://maderascuesta.com","OK"
"https://cafecalientenoticias.com","OK"
"http://www.temperature-up.com","OK"
"http://autodiscover.liuwjie.top","error"
"https://torun-travel.com","OK"
"http://www.jumao1.cn","OK"
"https://autodiscover.liuwjie.top","error"
"http://cpcalendars.liuwjie.top","error"
"https://cpcalendars.liuwjie.top","error"
"https://mail.yy1990.com","error"
"https://zeiz.com","OK"
"http://47.97.182.247","error"
"https://www.pioaet.com","OK"
"https://cpcontacts.liuwjie.top","error"
"http://121.43.160.61","access forbidden"
"http://hds.bnxgo.com","OK"
"https://www.msxinfo.net","OK"
"https://nutreduca.com","OK"
"http://cpcontacts.liuwjie.top","error"
"https://cpcalendars.yafee.wang","OK"
"https://mingying.xuyangkj.com","OK"
"http://dev.blackxel.com","OK"
"https://autodiscover.yafee.wang","OK"
"https://www.hoab.com","OK"
"https://labuenaargentina.com","OK"
"https://www.lnkmi.com","OK"
"https://webdisk.liuwjie.top","error"
"https://www.msxinfo.com","OK"
"http://webdisk.eldoctor.co.kr","HTML-Redirection"
"http://webdisk.liuwjie.top","error"
"https://dev.blackxel.com","OK"
"https://works.yy1990.com","error"
"https://smtp.yafee.wang","OK"
"https://webdisk.yafee.wang","OK"
"https://cpcalendars.ifm.cool","error"
"https://webdisk.ifm.cool","error"
"https://www.brainwm.com","OK"
"http://www.xn--rht516atlq.com","OK"
"https://restaurantellanten.com","OK"
"https://cpanel.eldoctor.co.kr","HTML-Redirection"
"https://webdisk.eldoctor.co.kr","HTML-Redirection"
"https://bodegahiriart.es","OK"
"http://m.eldoctor.co.kr","HTML-Redirection"
"https://cpcontacts.ifm.cool","error"
"https://cpanel.ifm.cool","error"
"https://m.liuwjie.top","error"
"https://smtp.liuwjie.top","error"
"https://smtp.ifm.cool","error"
"https://m.yafee.wang","OK"
"http://cpanel.eldoctor.co.kr","HTML-Redirection"
"https://cpanel.liuwjie.top","error"
"https://minefriends.run.place","OK"
"http://eladmin.actonbv.com","HTML-Redirection"
"http://smtp.liuwjie.top","error"
"http://42.51.5.232:81","error"
"https://cpanel.yafee.wang","OK"
"http://smtp.eldoctor.co.kr","HTML-Redirection"
"http://47.114.136.9","access forbidden"
"http://webmail.liuwjie.top","error"
"http://m.liuwjie.top","error"
"https://eladmin.actonbv.com","error open URL"
"https://mail.eldoctor.co.kr","HTML-Redirection"
"https://m.ifm.cool","error"
"https://www.ahg7rg.com","OK"
"https://webmail.liuwjie.top","error"
"https://allshadow.cn","error"
"https://blog.allshadow.cn","error"
"https://eldem.pl","OK"
"https://pzx7rq.com","OK"
"http://gpt.jast.top","OK"
"http://www.allshadow.cn","file not found (document title)"
"https://www.pzx7rq.com","OK"
"https://www.ellashelioti.gr","OK"
"https://www.allshadow.cn","error"
"https://kilarny.es","OK"
"http://tianhongzhijian.com","error"
"http://www.gpt.jast.top","OK"
"http://dh.pmcia.com","OK"
"http://allshadow.cn","file not found (document title)"
"http://kx.liangfw.cn","OK"
"https://gpt.jast.top","OK"
"http://47.108.58.242","access forbidden"
"https://mail.ifm.cool","error"
"https://www.elmarservices.com","OK"
"http://www.polarmedicine.top","OK"
"https://www.aichat.tech","OK"
"https://1.15.238.199","error"
"http://liyi.biezhushi.cn","OK"
"https://api.nest.vue-admin.cn","OK"
"https://www.otec.ca","OK"
"https://tx.ifm.cool","error"
"https://www.gpt.jast.top","OK"
"http://www.pmcia.com","OK"
"https://www.aigram.tech","OK"
"https://lpy.xkzs.icu","OK"
"https://eladmin.itlp.top","access forbidden"
"http://www.xiaosong43.top","OK"
"http://www.eagleleaf.org","OK"
"http://www.waskochichheute.ch","OK"
"https://www.eagleleaf.org","OK"
"http://www.sk-fotografie.ch","OK"
"https://d.qse8.live","OK"
"https://www.red-line.ch","OK"
"https://www.waskochichheute.ch","OK"
"http://www.mumiwu.com","error"
"https://zl.biupay.net","OK"
"https://www.sk-fotografie.ch","OK"
"http://www.stefaniedaumuller.ch","OK"
"http://www.red-line.ch","OK"
"https://www.kochenohnegrenzen.ch","OK"
"https://b.qse8.live","OK"
"https://www.msxinfo.nl","OK"
"https://lanaciondigital.net","OK"
"http://www.remund-design.ch","OK"
"http://eladmin.ipower.com","OK"
"http://23.234.41.219:1000","error"
"https://www.msxinfo.org","OK"
"https://www.food-creator.ch","OK"
"https://dev.biupay.net","OK"
"https://zltest.biupay.net","OK"
"http://www.tweetscan.xyz","OK"
"https://www.remund-design.ch","OK"
"http://www.kochenohnegrenzen.ch","OK"
"https://bodegaspandora.com","OK"
"http://polarmedicine.top","OK"
"https://learn.ifm.cool","error"
"https://pandrawine.com","OK"
"http://www.food-kreator.ch","OK"
"http://www.cafee.ch","OK"
"https://www.elab.ee","OK"
"http://pandrawine.com","OK"
"http://pmcia.com","OK"
"http://remund-furniture.com","OK"
"https://www.ebusinesslife.com","OK"
"https://lockseguridad.es","OK"
"http://eandlroofing.net","OK"
"https://duoproducciones.es","OK"
"https://remund-furniture.com","OK"
"http://www.food-creator.ch","OK"
"https://expensiveliquors.com","OK"
"https://www.fef-esf.ch","HTML-Redirection"
"http://radioseptimodia.com","OK"
"http://www.foodcreator.ch","OK"
"http://remund-design.com","OK"
"https://remund-design.com","OK"
"https://blackmonkeyshop.es","OK"
"https://symbiosisconsultores.com","OK"
"https://conriberasi.es","OK"
"https://joyeriapotente.com","OK"
"https://food-creator.ch","OK"
"https://pipo.es","OK"
"https://eandlroofing.net","OK"
"https://ahg7rg.com","OK"
"https://ana10.es","error"
"https://msxinfo.org","OK"
"https://kochenohnegrenzen.ch","OK"
"https://www.emilelaurent.art","OK"
"http://ana10.es","error"
"https://remund-design.ch","OK"
"http://ciechantierinterdit.ch","HTML-Redirection"
"https://eislabor.info","OK"
"https://msxinfo.nl","OK"
"http://food-creator.ch","OK"
"http://kochenohnegrenzen.ch","OK"
"https://www.metermall.cn","OK"
"http://stefaniedaumuller.ch","OK"
"http://foodcreator.ch","OK"
"https://sk-fotografie.ch","OK"
"http://www.jy2b4s.com","error"
"http://fef-esf.ch","HTML-Redirection"
"http://www.wdahe.top","OK"
"http://sk-fotografie.ch","OK"
"https://www.eladmin.se","OK"
"https://log.yafee.wang","OK"
"https://ciechantierinterdit.ch","HTML-Redirection"
"http://lacucinadioggi.ch","OK"
"https://files.yafee.wang","OK"
"https://admin.yafee.wang","OK"
"http://remund-design.ch","OK"
"https://fef-esf.ch","HTML-Redirection"
"http://www.zzcx.xyz:8089","OK"
"https://beta.agent.yafee.wang","OK"
"https://stage.yafee.wang","OK"
"http://cafee.ch","OK"
"https://stefaniedaumuller.ch","OK"
"https://blog.api.yafee.wang","OK"
"https://foodcreator.ch","OK"
"https://ppiejlbpmbd.yafee.wang","OK"
"https://adfs.yafee.wang","OK"
"https://www.wooshopxingyun.com","OK"
"https://wp.yafee.wang","OK"
"https://nkeqqxwjhqt.yafee.wang","OK"
"https://api.yafee.wang","OK"
"https://oneadvancedclinic.es","error"
"https://www.yafee.wang","OK"
"https://umuhftyzxdl.yafee.wang","OK"
"https://agent.yafee.wang","OK"
"https://webmail.yafee.wang","OK"
"https://wordpress.yafee.wang","OK"
"https://nice.nuoyoumi.com","error"
"http://report.jeecg.com","OK"
"http://www.lsg36987.cn:8181","OK"
"https://124.221.199.204","error"
"https://192.243.125.66","error"
"https://ai.yafee.wang","OK"
"https://80.251.212.100","error"
"http://121.199.49.214","access forbidden"
"https://mail.yafee.wang","OK"
"http://124.221.199.204","error"
"http://124.71.17.102","access forbidden"
"https://80.251.209.152","error"
"https://gavlafhpavn.yafee.wang","OK"
"http://eladmin.qiaofangyun.com","OK"
"https://java.bqrdh.com","OK"
"https://eladmin.qiaofangyun.com","OK"
"http://139.196.126.71:8090","error"
"https://eladmin.ipower.com","OK"
"https://13.49.145.236","error"
"http://120.24.74.147:8011","OK"
"http://bibichuan.oschina.io","OK"
"https://eladmin.wangqi2020.top","error"
"https://bibichuan.oschina.io","OK"
"https://eladmin.ynczm.com","OK"
"http://iot.qctchina.cn","error"
"https://eladmin.coding.net","OK"
"http://www.tianhongzhijian.com","error"
"https://121.36.162.238","error"
"https://pma-logs.siy8.com","access forbidden"
"https://subeily.blog.csdn.net","OK"
"http://eladmin.hzd360.com","file not found"
"http://dl.jepsoninfo.com","OK"
"http://www.lwb.xgjcode.com","error"
"https://dl.jepsoninfo.com","error"
"http://eladmin.ynczm.com","file not found (document title)"
"https://www.decroissance-bern.ch","OK"
"https://eladmin.hzd360.com","error open URL"
"https://ims-sfmsuat.gtmc.com","error"
"https://3g.siy8.com","access forbidden"
"https://chem.siy8.com","access forbidden"
"https://data.siy8.com","access forbidden"
"https://bc.siy8.com","access forbidden"
"https://d2.siy8.com","access forbidden"
"https://campus.siy8.com","access forbidden"
"https://autoconfig.crm.siy8.com","access forbidden"
"https://certserv.siy8.com","access forbidden"
"https://10.siy8.com","access forbidden"
"https://ftp.siy8.com","access forbidden"
"https://cache1.siy8.com","access forbidden"
"https://5abr24.siy8.com","access forbidden"
"https://gis.siy8.com","access forbidden"
"https://ecan.siy8.com","access forbidden"
"https://homejiaboo.siy8.com","access forbidden"
"https://horna.siy8.com","access forbidden"
"https://dudetube.siy8.com","access forbidden"
"https://www.m.siy8.com","access forbidden"
"https://2fm-6320.siy8.com","access forbidden"
"https://321music.siy8.com","access forbidden"
"https://car.siy8.com","access forbidden"
"https://123.siy8.com","access forbidden"
"https://geo.siy8.com","access forbidden"
"https://apisdk.siy8.com","access forbidden"
"https://hypebeast.siy8.com","access forbidden"
"https://cd.siy8.com","access forbidden"
"https://dakurokuro.siy8.com","access forbidden"
"https://acpo.siy8.com","access forbidden"
"https://dj-note.siy8.com","access forbidden"
"https://new.siy8.com","access forbidden"
"https://core0.siy8.com","access forbidden"
"https://boblet.siy8.com","access forbidden"
"https://howdoi.siy8.com","access forbidden"
"https://bibchr.siy8.com","access forbidden"
"https://hemma.siy8.com","access forbidden"
"https://cocoa.siy8.com","access forbidden"
"https://copod3.siy8.com","access forbidden"
"https://fr.siy8.com","access forbidden"
"https://curiocioso.siy8.com","access forbidden"
"https://em.siy8.com","access forbidden"
"https://www.huimai.siy8.com","access forbidden"
"https://ar.siy8.com","access forbidden"
"https://6320-huimai.siy8.com","access forbidden"
"https://b10411.siy8.com","access forbidden"
"https://6320.siy8.com","access forbidden"
"https://gift.siy8.com","access forbidden"
"https://hamyari200.siy8.com","access forbidden"
"http://eladmin.cjbang.com","error"
"https://casesblog.siy8.com","access forbidden"
"https://coffee.siy8.com","access forbidden"
"https://big.siy8.com","access forbidden"
"https://bestuipsd.siy8.com","access forbidden"
"https://img01.siy8.com","access forbidden"
"https://www.g.siy8.com","access forbidden"
"https://www.tw.siy8.com","access forbidden"
"https://nav.lightr.cn","OK"
"https://ccal.siy8.com","access forbidden"
"https://doosan.elearn.edu.vn","OK"
"https://blogs.siy8.com","access forbidden"
"https://erp.siy8.com","access forbidden"
"https://dy.siy8.com","access forbidden"
"https://auteco.siy8.com","access forbidden"
"http://eladmin.enjoylost.com","OK"
"https://huimai.siy8.com","access forbidden"
"https://angiewith2.siy8.com","access forbidden"
"https://h2.siy8.com","access forbidden"
"http://34.96.237.197:8080","access forbidden"
"http://doosan.elearn.edu.vn","OK"
"https://www.dating.siy8.com","access forbidden"
"http://admin.yipsmkt.cn","OK"
"https://boo-city.siy8.com","access forbidden"
"https://www.eladmin.cgwzjs.com","error"
"https://eladmin.enjoylost.com","OK"
"http://szxt.xiantao.gov.cn:8010","OK"
"http://jenkins.91wutong.com","error"
"https://dhja.siy8.com","access forbidden"
"https://hs.siy8.com","access forbidden"
"http://eladmin.usoft3.cn","file not found (document title)"
"https://www.android.siy8.com","access forbidden"
"https://delivery.b.siy8.com","access forbidden"
"https://omni.siy8.com","access forbidden"
"http://eladmin.remember5.top","OK"
"https://www.charge.siy8.com","access forbidden"
"https://bi-gen.siy8.com","access forbidden"
"https://www.business.siy8.com","access forbidden"
"https://www.ns1.siy8.com","access forbidden"
"https://www.ca.siy8.com","access forbidden"
"https://eladmin.usoft3.cn","OK"
"https://mentorgis.siy8.com","access forbidden"
"https://www.projects.siy8.com","access forbidden"
"https://autoconfig.test.siy8.com","access forbidden"
"https://wu-tangfam.siy8.com","access forbidden"
"https://o69iay0p.mail8.siy8.com","access forbidden"
"https://business.siy8.com","access forbidden"
"https://alumni.siy8.com","access forbidden"
"https://www.cp.siy8.com","access forbidden"
"https://www.articles.siy8.com","access forbidden"
"https://misscie.siy8.com","access forbidden"
"https://www.cloud.siy8.com","access forbidden"
"https://www.jp.siy8.com","access forbidden"
"https://www.id.siy8.com","access forbidden"
"https://oracle.siy8.com","access forbidden"
"https://www.start.siy8.com","access forbidden"
"https://www.mp3.siy8.com","access forbidden"
"https://edari.siy8.com","access forbidden"
"https://webdisk.media.siy8.com","access forbidden"
"https://www.adserver.siy8.com","access forbidden"
"https://www.forms.siy8.com","access forbidden"
"https://gt.siy8.com","access forbidden"
"https://guest.siy8.com","access forbidden"
"https://axislover.siy8.com","access forbidden"
"https://www.temp.siy8.com","access forbidden"
"https://what.website.siy8.com","access forbidden"
"https://jinan.siy8.com","access forbidden"
"https://www.board.siy8.com","access forbidden"
"https://autoconfig.chat.siy8.com","access forbidden"
"https://lesvisible.siy8.com","access forbidden"
"https://www.test1.siy8.com","access forbidden"
"https://office.siy8.com","access forbidden"
"https://movie.siy8.com","access forbidden"
"https://webmail.cpanel.siy8.com","access forbidden"
"https://www.sports.siy8.com","access forbidden"
"https://s.siy8.com","access forbidden"
"https://hz.siy8.com","access forbidden"
"https://www.ua.siy8.com","access forbidden"
"https://sanggarseo.siy8.com","access forbidden"
"https://autoconfig.old.siy8.com","access forbidden"
"https://aqua.siy8.com","access forbidden"
"https://webdisk.search.siy8.com","access forbidden"
"https://www.feedback.siy8.com","access forbidden"
"https://notavalid.siy8.com","access forbidden"
"https://delivery.a.siy8.com","access forbidden"
"https://www.filme.siy8.com","access forbidden"
"https://www.update.siy8.com","access forbidden"
"https://www.2u6tt.2.siy8.com","access forbidden"
"https://www.law.siy8.com","access forbidden"
"https://www.design.siy8.com","access forbidden"
"https://www.play.siy8.com","access forbidden"
"https://www.new.siy8.com","access forbidden"
"https://www.office.siy8.com","access forbidden"
"https://def.siy8.com","access forbidden"
"https://www.lib.siy8.com","access forbidden"
"https://snookertv.siy8.com","access forbidden"
"https://www.eng.siy8.com","access forbidden"
"https://www.host.siy8.com","access forbidden"
"https://www.subscribe.siy8.com","access forbidden"
"https://www.tienda.siy8.com","access forbidden"
"https://www.noc.siy8.com","access forbidden"
"https://www.s1.siy8.com","access forbidden"
"https://dialin.siy8.com","access forbidden"
"https://www.biz.siy8.com","access forbidden"
"https://builder.cpanel.siy8.com","access forbidden"
"https://www.archive.siy8.com","access forbidden"
"https://www.training.siy8.com","access forbidden"
"https://sdsport.siy8.com","access forbidden"
"https://www.german.siy8.com","access forbidden"
"https://www.ts.siy8.com","access forbidden"
"https://www.contact.siy8.com","access forbidden"
"https://static.origin.siy8.com","access forbidden"
"https://www.c.siy8.com","access forbidden"
"https://www.alex.users.siy8.com","access forbidden"
"https://frkmuffin.siy8.com","access forbidden"
"https://test.bad.dns.siy8.com","access forbidden"
"https://ccckmit.siy8.com","access forbidden"
"https://mpk.siy8.com","access forbidden"
"https://mediacopy.siy8.com","access forbidden"
"https://www.msk.siy8.com","access forbidden"
"https://tools.siy8.com","access forbidden"
"https://www.link.siy8.com","access forbidden"
"https://ytcolombia.siy8.com","access forbidden"
"https://www.top.siy8.com","access forbidden"
"https://javplac.siy8.com","access forbidden"
"https://eu.pool.siy8.com","access forbidden"
"https://all.edge.siy8.com","access forbidden"
"https://www.members.siy8.com","access forbidden"
"https://www.stats.siy8.com","access forbidden"
"https://radius.auth.siy8.com","access forbidden"
"https://simsimaya.siy8.com","access forbidden"
"https://www.health.siy8.com","access forbidden"
"https://www.sa.siy8.com","access forbidden"
"https://www.stream.siy8.com","access forbidden"
"https://cardunia.siy8.com","access forbidden"
"https://www.seo.siy8.com","access forbidden"
"https://webdisk.admin.siy8.com","access forbidden"
"https://um.siy8.com","access forbidden"
"https://radio.siy8.com","access forbidden"
"https://www.shopping.siy8.com","access forbidden"
"https://autoconfig.news.siy8.com","access forbidden"
"https://www.catalog.siy8.com","access forbidden"
"https://www.ufa.siy8.com","access forbidden"
"https://www.movie.siy8.com","access forbidden"
"https://ftp.forum.siy8.com","access forbidden"
"https://www.project.siy8.com","access forbidden"
"https://www.i.siy8.com","access forbidden"
"https://gayfilmstv.siy8.com","access forbidden"
"https://www.files.siy8.com","access forbidden"
"https://artigos.siy8.com","access forbidden"
"https://neteor.siy8.com","access forbidden"
"https://www.affiliates.siy8.com","access forbidden"
"https://www.api.siy8.com","access forbidden"
"https://www.drupal.siy8.com","access forbidden"
"https://meetagatha.siy8.com","access forbidden"
"https://webdisk.demo.siy8.com","access forbidden"
"https://www.links.siy8.com","access forbidden"
"https://www.6320.siy8.com","access forbidden"
"https://www.film.siy8.com","access forbidden"
"https://ttfix.siy8.com","access forbidden"
"https://www.careers.siy8.com","access forbidden"
"https://bugs.siy8.com","access forbidden"
"https://www.t.siy8.com","access forbidden"
"https://www.portal.siy8.com","access forbidden"
"https://www.cpanel.siy8.com","access forbidden"
"https://webdisk.staging.siy8.com","access forbidden"
"https://autoconfig.img.siy8.com","access forbidden"
"https://rrunrrun.siy8.com","access forbidden"
"https://duckcore.siy8.com","access forbidden"
"https://www.pay.siy8.com","access forbidden"
"https://webdisk.client.siy8.com","access forbidden"
"https://www.usa.siy8.com","access forbidden"
"https://lgbtlaughs.siy8.com","access forbidden"
"https://www.pics.siy8.com","access forbidden"
"https://www.loja.siy8.com","access forbidden"
"https://www.learn.siy8.com","access forbidden"
"https://webdisk.images.siy8.com","access forbidden"
"https://www.ssl.siy8.com","access forbidden"
"https://webdisk.mobile.siy8.com","access forbidden"
"https://www.pl.siy8.com","access forbidden"
"https://www.pro.siy8.com","access forbidden"
"https://relay.siy8.com","access forbidden"
"https://nd.siy8.com","access forbidden"
"https://webdisk.img.siy8.com","access forbidden"
"https://www.abc.siy8.com","access forbidden"
"https://webmail.control.siy8.com","access forbidden"
"https://tickets.siy8.com","access forbidden"
"https://ipc498a.siy8.com","access forbidden"
"https://autodiscover.m.siy8.com","access forbidden"
"https://rjpalmer.siy8.com","access forbidden"
"https://www.gsgou.users.siy8.com","access forbidden"
"https://www.social.siy8.com","access forbidden"
"https://www.ms.siy8.com","access forbidden"
"https://www.free.siy8.com","access forbidden"
"https://www.konkurs.siy8.com","access forbidden"
"https://www.gis.siy8.com","access forbidden"
"https://gorod.siy8.com","access forbidden"
"https://tamaktiv.siy8.com","access forbidden"
"https://www.ask.siy8.com","access forbidden"
"https://tarrazu.siy8.com","access forbidden"
"https://rabuyuri.siy8.com","access forbidden"
"https://www.ad.siy8.com","access forbidden"
"https://webdisk.members.siy8.com","access forbidden"
"https://martys.siy8.com","access forbidden"
"https://appcdn.siy8.com","access forbidden"
"https://www.fb.siy8.com","access forbidden"
"https://www.sc.siy8.com","access forbidden"
"https://directv.siy8.com","access forbidden"
"https://usa.siy8.com","access forbidden"
"https://a.ns.e.siy8.com","access forbidden"
"https://www.cc.siy8.com","access forbidden"
"https://raytkj.siy8.com","access forbidden"
"https://www.au.siy8.com","access forbidden"
"https://www.game.siy8.com","access forbidden"
"https://www.ns2.siy8.com","access forbidden"
"https://www.alex.siy8.com","access forbidden"
"https://www.education.siy8.com","access forbidden"
"https://joomla.siy8.com","access forbidden"
"https://builder.cp.siy8.com","access forbidden"
"https://mba.siy8.com","access forbidden"
"https://meeting.siy8.com","access forbidden"
"https://mmg.siy8.com","access forbidden"
"https://webdisk.travel.siy8.com","access forbidden"
"https://www.survey.siy8.com","access forbidden"
"https://univer.siy8.com","access forbidden"
"https://www.123.siy8.com","access forbidden"
"http://www.eladmin.cgwzjs.com","file not found (document title)"
"https://www.domain.siy8.com","access forbidden"
"https://www.nsk.siy8.com","access forbidden"
"https://arabatik.siy8.com","access forbidden"
"https://autodiscover.en.siy8.com","access forbidden"
"https://www.movil.siy8.com","access forbidden"
"https://www.image.siy8.com","access forbidden"
"http://eladmin.s1.m173.net","access forbidden"
"https://www.dl.siy8.com","access forbidden"
"https://eladmin.s1.m173.net","error"
"https://www.edu.siy8.com","access forbidden"
"https://www.se.siy8.com","access forbidden"
"https://jk.siy8.com","access forbidden"
"https://zweishi.modukj.com","OK"
"https://eladmin.hgsuper.cn","OK"
"https://eladmin.otemae.ac.jp","OK"
"http://eladmin.lohas-travel.com","OK"
"http://eladmin.cjbang.com","error"
"http://eladmin.huamao-gold.com","OK"
"http://eladmin.vesber.cn","error"
"http://htui.ftsucai.com","OK"
"http://report.jeecg.com","OK"
"https://fbflex.mlj5.com","access forbidden"
"https://eladmin.r-xin.com","error"
"https://shop.mlj5.com","access forbidden"
"https://ca2010.mlj5.com","access forbidden"
"https://web.gulink.cn","error"
"https://store.mlj5.com","access forbidden"
"https://huimai1.mlj5.com","access forbidden"
"http://eladmin.r-xin.com","error"
"https://top.mlj5.com","access forbidden"
"https://android.mlj5.com","access forbidden"
"https://bandung.mlj5.com","access forbidden"
"https://london.mlj5.com","access forbidden"
"https://magento.mlj5.com","access forbidden"
"https://aljazair.mlj5.com","access forbidden"
"https://o69iay0p.mlj5.com","access forbidden"
"https://stg.mlj5.com","access forbidden"
"https://test.bad.dns.mlj5.com","access forbidden"
"https://ddlsearch.mlj5.com","access forbidden"
"https://artoseven.mlj5.com","access forbidden"
"https://eladmin.elbuild.com","OK"
"https://fw-1.mlj5.com","access forbidden"
"https://roseiran.mlj5.com","access forbidden"
"https://longzheyl.mlj5.com","access forbidden"
"https://ad.mlj5.com","access forbidden"
"https://sohyun.qiyemh.com","OK"
"https://granat.mlj5.com","access forbidden"
"https://boy.mlj5.com","access forbidden"
"https://wc3.mlj5.com","access forbidden"
"https://commoncts.mlj5.com","access forbidden"
"https://dorodesign.mlj5.com","access forbidden"
"https://huimai3.mlj5.com","access forbidden"
"https://webmail.mlj5.com","access forbidden"
"https://z-log.mlj5.com","access forbidden"
"https://kateoplis.mlj5.com","access forbidden"
"http://agent-admin.nbdqiot.com","OK"
"https://sappoll.mlj5.com","access forbidden"
"https://tipskettle.mlj5.com","access forbidden"
"https://wan.mlj5.com","access forbidden"
"https://huimai10.mlj5.com","access forbidden"
"https://admin.agent.nbdqiot.com","OK"
"https://www.ezj3wtswh.mlj5.com","access forbidden"
"https://arivatecs.mlj5.com","access forbidden"
"https://kringg.mlj5.com","access forbidden"
"http://sop-admin.nbdqiot.com","OK"
"https://pmetrics.mlj5.com","access forbidden"
"https://tt.mlj5.com","access forbidden"
"http://nyd.bridgetek.cn","OK"
"https://jinan.mlj5.com","access forbidden"
"https://mjgolch.mlj5.com","access forbidden"
"https://berndpulch.mlj5.com","access forbidden"
"https://dengjiamin.mlj5.com","access forbidden"
"https://krizzyla.mlj5.com","access forbidden"
"https://huimai8.mlj5.com","access forbidden"
"https://liguangfong.mlj5.com","access forbidden"
"http://gridmng.web.scatbay.com","OK"
"https://zhizhu.mlj5.com","access forbidden"
"https://wx.mlj5.com","access forbidden"
"https://irporoje.mlj5.com","access forbidden"
"https://eynakdodi.mlj5.com","access forbidden"
"http://eladmin.clmobi.com","redirected, OK"
"https://huimai4.mlj5.com","access forbidden"
"https://seoandtips.mlj5.com","access forbidden"
"https://mx.mlj5.com","access forbidden"
"https://www.tt.mlj5.com","access forbidden"
"https://cudlife.mlj5.com","access forbidden"
"https://huimai6.mlj5.com","access forbidden"
"https://sulae.mlj5.com","access forbidden"
"https://wg.mlj5.com","access forbidden"
"https://xfire-hac.mlj5.com","access forbidden"
"https://dyeoptr.mlj5.com","access forbidden"
"http://admin.liangfw.cn","OK"
"http://123.60.108.201","access forbidden"
"http://djbcs.wanmavan.com","OK"
"http://180.76.138.191","access forbidden"
"https://mlj11.com","error open URL"
"http://web.hx.gsjxkp.com","OK"
"http://www.r2meta.cn","access forbidden"
"http://124.222.243.137:8081","error"
"http://121.36.162.238:8090","error"
"https://mlj55.com","error open URL"
"https://eladmin.lohas-travel.com","error"
"https://yyds.dystore.xyz","error"
"http://oa.gemho.cn:8004","OK"
"https://147.91.10.55","error"
"http://47.92.48.74","access forbidden"
"https://elainevker.com","OK"
"https://doapi.donco.com","error"
"http://119.3.153.196:8080","access forbidden"
"http://154.13.6.128","access forbidden"
"http://47.92.153.145:8090","error"
"http://skvzv.lishangw.cn","error"
"https://zhile.one","error"
"http://113.110.253.141:8200","error"
"http://124.70.185.219","error"
"http://ningde.tianyouhotel.cn","error"
"http://120.78.152.142:8090","error"
"http://103.243.24.218:81","error"
"http://xtsdbcdjzx.org.cn:8081","OK"
"http://114.215.137.171:7001","error"
"http://temperature-up.com","OK"
"https://admin.moverse.com","OK"
"http://116.62.106.215:9000","error"
"http://58.39.239.70:10000","error"
"http://182.92.5.145:8999","error"
"http://23.234.41.219:8080","access forbidden"
"http://116.62.112.200","error"
"https://114.215.137.171:8443","error"
"http://chinaz.com","OK"
"http://180.152.142.62:8888","error"
